Country,Date,Total number of Cases
Brazil,2020-01-22,0
Brazil,2020-01-23,0
Brazil,2020-01-24,0
Brazil,2020-01-25,0
Brazil,2020-01-26,0
Brazil,2020-01-27,0
Brazil,2020-01-28,0
Brazil,2020-01-29,0
Brazil,2020-01-30,0
Brazil,2020-01-31,0
Brazil,2020-02-01,0
Brazil,2020-02-02,0
Brazil,2020-02-03,0
Brazil,2020-02-04,0
Brazil,2020-02-05,0
Brazil,2020-02-06,0
Brazil,2020-02-07,0
Brazil,2020-02-08,0
Brazil,2020-02-09,0
Brazil,2020-02-10,0
Brazil,2020-02-11,0
Brazil,2020-02-12,0
Brazil,2020-02-13,0
Brazil,2020-02-14,0
Brazil,2020-02-15,0
Brazil,2020-02-16,0
Brazil,2020-02-17,0
Brazil,2020-02-18,0
Brazil,2020-02-19,0
Brazil,2020-02-20,0
Brazil,2020-02-21,0
Brazil,2020-02-22,0
Brazil,2020-02-23,0
Brazil,2020-02-24,0
Brazil,2020-02-25,0
Brazil,2020-02-26,1
Brazil,2020-02-27,1
Brazil,2020-02-28,1
Brazil,2020-02-29,2
Brazil,2020-03-01,2
Brazil,2020-03-02,2
Brazil,2020-03-03,2
Brazil,2020-03-04,4
Brazil,2020-03-05,4
Brazil,2020-03-06,13
Brazil,2020-03-07,13
Brazil,2020-03-08,20
Brazil,2020-03-09,25
Brazil,2020-03-10,31
Brazil,2020-03-11,38
Brazil,2020-03-12,52
Brazil,2020-03-13,151
Brazil,2020-03-14,151
Brazil,2020-03-15,162
Brazil,2020-03-16,200
Brazil,2020-03-17,321
Brazil,2020-03-18,372
Brazil,2020-03-19,621
Brazil,2020-03-20,793
Brazil,2020-03-21,1021
Brazil,2020-03-22,1546
Brazil,2020-03-23,1924
Brazil,2020-03-24,2247
Brazil,2020-03-25,2554
Brazil,2020-03-26,2985
Brazil,2020-03-27,3417
Brazil,2020-03-28,3904
Brazil,2020-03-29,4256
Brazil,2020-03-30,4579
Brazil,2020-03-31,5717
Brazil,2020-04-01,6836
Brazil,2020-04-02,8044
Brazil,2020-04-03,9056
Brazil,2020-04-04,10360
Brazil,2020-04-05,11130
Brazil,2020-04-06,12161
Brazil,2020-04-07,14034
Brazil,2020-04-08,16170
Brazil,2020-04-09,18092
Brazil,2020-04-10,19638
Brazil,2020-04-11,20727
Brazil,2020-04-12,22192
Brazil,2020-04-13,23430
Brazil,2020-04-14,25262
Brazil,2020-04-15,28320
Brazil,2020-04-16,30425
Brazil,2020-04-17,33682
Brazil,2020-04-18,36658
Brazil,2020-04-19,38654
Brazil,2020-04-20,40743
Brazil,2020-04-21,43079
Brazil,2020-04-22,45757
Brazil,2020-04-23,50036
Brazil,2020-04-24,54043
Brazil,2020-04-25,59324
Brazil,2020-04-26,63100
Brazil,2020-04-27,67446
Brazil,2020-04-28,73235
Brazil,2020-04-29,79685
Brazil,2020-04-30,87187
Brazil,2020-05-01,92202
Brazil,2020-05-02,97100
Brazil,2020-05-03,101826
Brazil,2020-05-04,108620
Brazil,2020-05-05,115455
Brazil,2020-05-06,126611
Brazil,2020-05-07,135773
Brazil,2020-05-08,146894
Brazil,2020-05-09,156061
Brazil,2020-05-10,162699
Brazil,2020-05-11,169594
Brazil,2020-05-12,178214
Brazil,2020-05-13,190137
Brazil,2020-05-14,203165
Brazil,2020-05-15,220291
Brazil,2020-05-16,233511
Brazil,2020-05-17,241080
Brazil,2020-05-18,255368
Brazil,2020-05-19,271885
Brazil,2020-05-20,291579
Brazil,2020-05-21,310087
Brazil,2020-05-22,330890
Brazil,2020-05-23,347398
Brazil,2020-05-24,363211
Brazil,2020-05-25,374898
Brazil,2020-05-26,391222
Brazil,2020-05-27,411821
Brazil,2020-05-28,438238
Brazil,2020-05-29,465166
Brazil,2020-05-30,498440
Brazil,2020-05-31,514849
Brazil,2020-06-01,526447
Brazil,2020-06-02,555383
Brazil,2020-06-03,584016
Brazil,2020-06-04,614941
Brazil,2020-06-05,645771
Brazil,2020-06-06,672846
Brazil,2020-06-07,691758
Brazil,2020-06-08,707412
Brazil,2020-06-09,739503
Brazil,2020-06-10,772416
Brazil,2020-06-11,802828
Brazil,2020-06-12,828810
Brazil,2020-06-13,850514
Brazil,2020-06-14,867624
Brazil,2020-06-15,888271
Brazil,2020-06-16,923189
Brazil,2020-06-17,955377
Brazil,2020-06-18,978142
Brazil,2020-06-19,1032913
Brazil,2020-06-20,1067579
Brazil,2020-06-21,1083341
Brazil,2020-06-22,1106470
Brazil,2020-06-23,1145906
Brazil,2020-06-24,1188631
Brazil,2020-06-25,1228114
Brazil,2020-06-26,1274974
Brazil,2020-06-27,1313667
Brazil,2020-06-28,1344143
Brazil,2020-06-29,1368195
Brazil,2020-06-30,1402041
Brazil,2020-07-01,1448753
Brazil,2020-07-02,1496858
Brazil,2020-07-03,1539081
Brazil,2020-07-04,1577004
Brazil,2020-07-05,1603055
Brazil,2020-07-06,1623284
Brazil,2020-07-07,1668589
Brazil,2020-07-08,1713160
Brazil,2020-07-09,1755779
Brazil,2020-07-10,1800827
Brazil,2020-07-11,1839850
Brazil,2020-07-12,1864681
Brazil,2020-07-13,1884967
Brazil,2020-07-14,1926824
Brazil,2020-07-15,1966748
Brazil,2020-07-16,2012151
Brazil,2020-07-17,2046328
Brazil,2020-07-18,2074860
Brazil,2020-07-19,2098389
Brazil,2020-07-20,2118646
Brazil,2020-07-21,2159654
Brazil,2020-07-22,2227514
Brazil,2020-07-23,2287475
Brazil,2020-07-24,2343366
Brazil,2020-07-25,2394513
Brazil,2020-07-26,2419091
Brazil,2020-07-27,2442375
Brazil,2020-07-28,2483191
Brazil,2020-07-29,2552265
Brazil,2020-07-30,2610102
Brazil,2020-07-31,2662485
Canada,2020-01-22,0
Canada,2020-01-23,0
Canada,2020-01-24,0
Canada,2020-01-25,0
Canada,2020-01-26,1
Canada,2020-01-27,1
Canada,2020-01-28,2
Canada,2020-01-29,2
Canada,2020-01-30,2
Canada,2020-01-31,4
Canada,2020-02-01,4
Canada,2020-02-02,4
Canada,2020-02-03,4
Canada,2020-02-04,4
Canada,2020-02-05,5
Canada,2020-02-06,5
Canada,2020-02-07,7
Canada,2020-02-08,7
Canada,2020-02-09,7
Canada,2020-02-10,7
Canada,2020-02-11,7
Canada,2020-02-12,7
Canada,2020-02-13,7
Canada,2020-02-14,7
Canada,2020-02-15,7
Canada,2020-02-16,7
Canada,2020-02-17,8
Canada,2020-02-18,8
Canada,2020-02-19,8
Canada,2020-02-20,8
Canada,2020-02-21,9
Canada,2020-02-22,9
Canada,2020-02-23,9
Canada,2020-02-24,10
Canada,2020-02-25,11
Canada,2020-02-26,11
Canada,2020-02-27,13
Canada,2020-02-28,14
Canada,2020-02-29,20
Canada,2020-03-01,24
Canada,2020-03-02,27
Canada,2020-03-03,30
Canada,2020-03-04,33
Canada,2020-03-05,37
Canada,2020-03-06,49
Canada,2020-03-07,54
Canada,2020-03-08,64
Canada,2020-03-09,77
Canada,2020-03-10,79
Canada,2020-03-11,108
Canada,2020-03-12,117
Canada,2020-03-13,193
Canada,2020-03-14,198
Canada,2020-03-15,252
Canada,2020-03-16,415
Canada,2020-03-17,478
Canada,2020-03-18,657
Canada,2020-03-19,800
Canada,2020-03-20,943
Canada,2020-03-21,1277
Canada,2020-03-22,1469
Canada,2020-03-23,2088
Canada,2020-03-24,2790
Canada,2020-03-25,3251
Canada,2020-03-26,4042
Canada,2020-03-27,4682
Canada,2020-03-28,5576
Canada,2020-03-29,6280
Canada,2020-03-30,7398
Canada,2020-03-31,8527
Canada,2020-04-01,9560
Canada,2020-04-02,11284
Canada,2020-04-03,12437
Canada,2020-04-04,12978
Canada,2020-04-05,15756
Canada,2020-04-06,16563
Canada,2020-04-07,17872
Canada,2020-04-08,19141
Canada,2020-04-09,20654
Canada,2020-04-10,22059
Canada,2020-04-11,23316
Canada,2020-04-12,24299
Canada,2020-04-13,25680
Canada,2020-04-14,27035
Canada,2020-04-15,28209
Canada,2020-04-16,30809
Canada,2020-04-17,32814
Canada,2020-04-18,34356
Canada,2020-04-19,35633
Canada,2020-04-20,37658
Canada,2020-04-21,39402
Canada,2020-04-22,41663
Canada,2020-04-23,43299
Canada,2020-04-24,44919
Canada,2020-04-25,46371
Canada,2020-04-26,48033
Canada,2020-04-27,49616
Canada,2020-04-28,51150
Canada,2020-04-29,52865
Canada,2020-04-30,54457
Canada,2020-05-01,56343
Canada,2020-05-02,57926
Canada,2020-05-03,60504
Canada,2020-05-04,61957
Canada,2020-05-05,63215
Canada,2020-05-06,64694
Canada,2020-05-07,66201
Canada,2020-05-08,67674
Canada,2020-05-09,68918
Canada,2020-05-10,70091
Canada,2020-05-11,71264
Canada,2020-05-12,72419
Canada,2020-05-13,73568
Canada,2020-05-14,74781
Canada,2020-05-15,75959
Canada,2020-05-16,77206
Canada,2020-05-17,78332
Canada,2020-05-18,79411
Canada,2020-05-19,80493
Canada,2020-05-20,81575
Canada,2020-05-21,82742
Canada,2020-05-22,83947
Canada,2020-05-23,85151
Canada,2020-05-24,86106
Canada,2020-05-25,87119
Canada,2020-05-26,88090
Canada,2020-05-27,88989
Canada,2020-05-28,89976
Canada,2020-05-29,90909
Canada,2020-05-30,91681
Canada,2020-05-31,92479
Canada,2020-06-01,93288
Canada,2020-06-02,93960
Canada,2020-06-03,94641
Canada,2020-06-04,95269
Canada,2020-06-05,95947
Canada,2020-06-06,96475
Canada,2020-06-07,97178
Canada,2020-06-08,97779
Canada,2020-06-09,98241
Canada,2020-06-10,98720
Canada,2020-06-11,99159
Canada,2020-06-12,99595
Canada,2020-06-13,100043
Canada,2020-06-14,100404
Canada,2020-06-15,100763
Canada,2020-06-16,101087
Canada,2020-06-17,101491
Canada,2020-06-18,101877
Canada,2020-06-19,102314
Canada,2020-06-20,102762
Canada,2020-06-21,103078
Canada,2020-06-22,103418
Canada,2020-06-23,103767
Canada,2020-06-24,104087
Canada,2020-06-25,104463
Canada,2020-06-26,104629
Canada,2020-06-27,104878
Canada,2020-06-28,105193
Canada,2020-06-29,105830
Canada,2020-06-30,106097
Canada,2020-07-01,106288
Canada,2020-07-02,106643
Canada,2020-07-03,106962
Canada,2020-07-04,107185
Canada,2020-07-05,107394
Canada,2020-07-06,107815
Canada,2020-07-07,108023
Canada,2020-07-08,108334
Canada,2020-07-09,108656
Canada,2020-07-10,108984
Canada,2020-07-11,109150
Canada,2020-07-12,109348
Canada,2020-07-13,109984
Canada,2020-07-14,110350
Canada,2020-07-15,110693
Canada,2020-07-16,111144
Canada,2020-07-17,111559
Canada,2020-07-18,111875
Canada,2020-07-19,112168
Canada,2020-07-20,112938
Canada,2020-07-21,113473
Canada,2020-07-22,113790
Canada,2020-07-23,114398
Canada,2020-07-24,115115
Canada,2020-07-25,115470
Canada,2020-07-26,115789
Canada,2020-07-27,116471
Canada,2020-07-28,116871
Canada,2020-07-29,117357
Canada,2020-07-30,117677
Canada,2020-07-31,118281
China,2020-01-22,548
China,2020-01-23,643
China,2020-01-24,920
China,2020-01-25,1406
China,2020-01-26,2075
China,2020-01-27,2877
China,2020-01-28,5509
China,2020-01-29,6087
China,2020-01-30,8141
China,2020-01-31,9802
China,2020-02-01,11891
China,2020-02-02,16630
China,2020-02-03,19716
China,2020-02-04,23707
China,2020-02-05,27440
China,2020-02-06,30587
China,2020-02-07,34110
China,2020-02-08,36814
China,2020-02-09,39829
China,2020-02-10,42354
China,2020-02-11,44386
China,2020-02-12,44759
China,2020-02-13,59895
China,2020-02-14,66358
China,2020-02-15,68413
China,2020-02-16,70513
China,2020-02-17,72434
China,2020-02-18,74211
China,2020-02-19,74619
China,2020-02-20,75077
China,2020-02-21,75550
China,2020-02-22,77001
China,2020-02-23,77022
China,2020-02-24,77241
China,2020-02-25,77754
China,2020-02-26,78166
China,2020-02-27,78600
China,2020-02-28,78928
China,2020-02-29,79356
China,2020-03-01,79932
China,2020-03-02,80136
China,2020-03-03,80261
China,2020-03-04,80386
China,2020-03-05,80537
China,2020-03-06,80690
China,2020-03-07,80770
China,2020-03-08,80823
China,2020-03-09,80860
China,2020-03-10,80887
China,2020-03-11,80921
China,2020-03-12,80932
China,2020-03-13,80945
China,2020-03-14,80977
China,2020-03-15,81003
China,2020-03-16,81033
China,2020-03-17,81058
China,2020-03-18,81102
China,2020-03-19,81156
China,2020-03-20,81250
China,2020-03-21,81305
China,2020-03-22,81435
China,2020-03-23,81498
China,2020-03-24,81591
China,2020-03-25,81661
China,2020-03-26,81782
China,2020-03-27,81897
China,2020-03-28,81999
China,2020-03-29,82122
China,2020-03-30,82198
China,2020-03-31,82279
China,2020-04-01,82361
China,2020-04-02,82432
China,2020-04-03,82511
China,2020-04-04,82543
China,2020-04-05,82602
China,2020-04-06,82665
China,2020-04-07,82718
China,2020-04-08,82809
China,2020-04-09,82883
China,2020-04-10,82941
China,2020-04-11,83014
China,2020-04-12,83134
China,2020-04-13,83213
China,2020-04-14,83306
China,2020-04-15,83356
China,2020-04-16,83403
China,2020-04-17,83760
China,2020-04-18,83787
China,2020-04-19,83805
China,2020-04-20,83817
China,2020-04-21,83853
China,2020-04-22,83868
China,2020-04-23,83884
China,2020-04-24,83899
China,2020-04-25,83909
China,2020-04-26,83912
China,2020-04-27,83918
China,2020-04-28,83940
China,2020-04-29,83944
China,2020-04-30,83956
China,2020-05-01,83959
China,2020-05-02,83959
China,2020-05-03,83964
China,2020-05-04,83966
China,2020-05-05,83968
China,2020-05-06,83970
China,2020-05-07,83975
China,2020-05-08,83976
China,2020-05-09,83990
China,2020-05-10,84010
China,2020-05-11,84011
China,2020-05-12,84018
China,2020-05-13,84024
China,2020-05-14,84029
China,2020-05-15,84038
China,2020-05-16,84044
China,2020-05-17,84054
China,2020-05-18,84063
China,2020-05-19,84063
China,2020-05-20,84063
China,2020-05-21,84063
China,2020-05-22,84081
China,2020-05-23,84084
China,2020-05-24,84095
China,2020-05-25,84102
China,2020-05-26,84103
China,2020-05-27,84106
China,2020-05-28,84106
China,2020-05-29,84123
China,2020-05-30,84128
China,2020-05-31,84146
China,2020-06-01,84154
China,2020-06-02,84161
China,2020-06-03,84160
China,2020-06-04,84171
China,2020-06-05,84177
China,2020-06-06,84186
China,2020-06-07,84191
China,2020-06-08,84195
China,2020-06-09,84198
China,2020-06-10,84209
China,2020-06-11,84216
China,2020-06-12,84228
China,2020-06-13,84286
China,2020-06-14,84335
China,2020-06-15,84378
China,2020-06-16,84422
China,2020-06-17,84458
China,2020-06-18,84494
China,2020-06-19,84494
China,2020-06-20,84553
China,2020-06-21,84572
China,2020-06-22,84624
China,2020-06-23,84653
China,2020-06-24,84673
China,2020-06-25,84701
China,2020-06-26,84725
China,2020-06-27,84743
China,2020-06-28,84757
China,2020-06-29,84780
China,2020-06-30,84785
China,2020-07-01,84816
China,2020-07-02,84830
China,2020-07-03,84838
China,2020-07-04,84857
China,2020-07-05,84871
China,2020-07-06,84889
China,2020-07-07,84917
China,2020-07-08,84950
China,2020-07-09,84992
China,2020-07-10,84992
China,2020-07-11,85071
China,2020-07-12,85117
China,2020-07-13,85117
China,2020-07-14,85226
China,2020-07-15,85246
China,2020-07-16,85327
China,2020-07-17,85402
China,2020-07-18,85418
China,2020-07-19,85503
China,2020-07-20,85622
China,2020-07-21,85708
China,2020-07-22,85906
China,2020-07-23,86045
China,2020-07-24,86202
China,2020-07-25,86381
China,2020-07-26,86570
China,2020-07-27,86783
China,2020-07-28,86990
China,2020-07-29,87213
China,2020-07-30,87489
China,2020-07-31,87655
France,2020-01-22,0
France,2020-01-23,0
France,2020-01-24,2
France,2020-01-25,3
France,2020-01-26,3
France,2020-01-27,3
France,2020-01-28,4
France,2020-01-29,5
France,2020-01-30,5
France,2020-01-31,5
France,2020-02-01,6
France,2020-02-02,6
France,2020-02-03,6
France,2020-02-04,6
France,2020-02-05,6
France,2020-02-06,6
France,2020-02-07,6
France,2020-02-08,11
France,2020-02-09,11
France,2020-02-10,11
France,2020-02-11,11
France,2020-02-12,11
France,2020-02-13,11
France,2020-02-14,11
France,2020-02-15,12
France,2020-02-16,12
France,2020-02-17,12
France,2020-02-18,12
France,2020-02-19,12
France,2020-02-20,12
France,2020-02-21,12
France,2020-02-22,12
France,2020-02-23,12
France,2020-02-24,12
France,2020-02-25,14
France,2020-02-26,18
France,2020-02-27,38
France,2020-02-28,57
France,2020-02-29,100
France,2020-03-01,130
France,2020-03-02,191
France,2020-03-03,204
France,2020-03-04,288
France,2020-03-05,380
France,2020-03-06,656
France,2020-03-07,959
France,2020-03-08,1136
France,2020-03-09,1219
France,2020-03-10,1794
France,2020-03-11,2293
France,2020-03-12,2293
France,2020-03-13,3681
France,2020-03-14,4496
France,2020-03-15,4532
France,2020-03-16,6683
France,2020-03-17,7715
France,2020-03-18,9124
France,2020-03-19,10970
France,2020-03-20,12758
France,2020-03-21,14463
France,2020-03-22,16243
France,2020-03-23,20123
France,2020-03-24,22622
France,2020-03-25,25600
France,2020-03-26,29551
France,2020-03-27,33402
France,2020-03-28,38105
France,2020-03-29,40708
France,2020-03-30,45170
France,2020-03-31,52827
France,2020-04-01,57749
France,2020-04-02,59929
France,2020-04-03,65202
France,2020-04-04,69500
France,2020-04-05,71412
France,2020-04-06,75343
France,2020-04-07,79163
France,2020-04-08,83057
France,2020-04-09,87366
France,2020-04-10,91738
France,2020-04-11,94863
France,2020-04-12,121712
France,2020-04-13,125394
France,2020-04-14,130365
France,2020-04-15,133585
France,2020-04-16,146075
France,2020-04-17,148084
France,2020-04-18,148086
France,2020-04-19,153011
France,2020-04-20,155393
France,2020-04-21,158168
France,2020-04-22,155980
France,2020-04-23,158303
France,2020-04-24,159952
France,2020-04-25,161644
France,2020-04-26,162220
France,2020-04-27,165963
France,2020-04-28,169053
France,2020-04-29,166543
France,2020-04-30,167299
France,2020-05-01,167305
France,2020-05-02,168518
France,2020-05-03,168925
France,2020-05-04,169583
France,2020-05-05,170687
France,2020-05-06,174224
France,2020-05-07,174918
France,2020-05-08,176202
France,2020-05-09,176782
France,2020-05-10,177094
France,2020-05-11,177547
France,2020-05-12,178349
France,2020-05-13,178184
France,2020-05-14,178994
France,2020-05-15,179630
France,2020-05-16,179630
France,2020-05-17,179693
France,2020-05-18,180051
France,2020-05-19,180933
France,2020-05-20,181700
France,2020-05-21,181951
France,2020-05-22,182354
France,2020-05-23,182694
France,2020-05-24,182709
France,2020-05-25,183067
France,2020-05-26,182847
France,2020-05-27,183038
France,2020-05-28,186364
France,2020-05-29,186923
France,2020-05-30,188752
France,2020-05-31,189009
France,2020-06-01,189348
France,2020-06-02,188582
France,2020-06-03,188934
France,2020-06-04,189701
France,2020-06-05,190312
France,2020-06-06,190891
France,2020-06-07,191234
France,2020-06-08,191445
France,2020-06-09,191849
France,2020-06-10,192394
France,2020-06-11,192819
France,2020-06-12,193546
France,2020-06-13,194072
France,2020-06-14,194479
France,2020-06-15,194631
France,2020-06-16,194975
France,2020-06-17,195433
France,2020-06-18,195900
France,2020-06-19,196711
France,2020-06-20,197352
France,2020-06-21,197636
France,2020-06-22,198009
France,2020-06-23,198526
France,2020-06-24,198607
France,2020-06-25,198607
France,2020-06-26,200195
France,2020-06-27,200195
France,2020-06-28,199476
France,2020-06-29,201522
France,2020-06-30,202063
France,2020-07-01,202981
France,2020-07-02,203640
France,2020-07-03,204222
France,2020-07-04,204222
France,2020-07-05,204222
France,2020-07-06,205597
France,2020-07-07,206072
France,2020-07-08,206072
France,2020-07-09,207356
France,2020-07-10,208015
France,2020-07-11,208015
France,2020-07-12,208015
France,2020-07-13,209640
France,2020-07-14,209640
France,2020-07-15,210568
France,2020-07-16,211102
France,2020-07-17,211943
France,2020-07-18,211943
France,2020-07-19,211943
France,2020-07-20,214023
France,2020-07-21,214607
France,2020-07-22,215605
France,2020-07-23,216667
France,2020-07-24,217797
France,2020-07-25,217801
France,2020-07-26,217801
France,2020-07-27,220352
France,2020-07-28,221077
France,2020-07-29,221077
France,2020-07-30,222469
France,2020-07-31,225197
Germany,2020-01-22,0
Germany,2020-01-23,0
Germany,2020-01-24,0
Germany,2020-01-25,0
Germany,2020-01-26,0
Germany,2020-01-27,1
Germany,2020-01-28,4
Germany,2020-01-29,4
Germany,2020-01-30,4
Germany,2020-01-31,5
Germany,2020-02-01,8
Germany,2020-02-02,10
Germany,2020-02-03,12
Germany,2020-02-04,12
Germany,2020-02-05,12
Germany,2020-02-06,12
Germany,2020-02-07,13
Germany,2020-02-08,13
Germany,2020-02-09,14
Germany,2020-02-10,14
Germany,2020-02-11,16
Germany,2020-02-12,16
Germany,2020-02-13,16
Germany,2020-02-14,16
Germany,2020-02-15,16
Germany,2020-02-16,16
Germany,2020-02-17,16
Germany,2020-02-18,16
Germany,2020-02-19,16
Germany,2020-02-20,16
Germany,2020-02-21,16
Germany,2020-02-22,16
Germany,2020-02-23,16
Germany,2020-02-24,16
Germany,2020-02-25,17
Germany,2020-02-26,27
Germany,2020-02-27,46
Germany,2020-02-28,48
Germany,2020-02-29,79
Germany,2020-03-01,130
Germany,2020-03-02,159
Germany,2020-03-03,196
Germany,2020-03-04,262
Germany,2020-03-05,482
Germany,2020-03-06,670
Germany,2020-03-07,799
Germany,2020-03-08,1040
Germany,2020-03-09,1176
Germany,2020-03-10,1457
Germany,2020-03-11,1908
Germany,2020-03-12,2078
Germany,2020-03-13,3675
Germany,2020-03-14,4585
Germany,2020-03-15,5795
Germany,2020-03-16,7272
Germany,2020-03-17,9257
Germany,2020-03-18,12327
Germany,2020-03-19,15320
Germany,2020-03-20,19848
Germany,2020-03-21,22213
Germany,2020-03-22,24873
Germany,2020-03-23,29056
Germany,2020-03-24,32986
Germany,2020-03-25,37323
Germany,2020-03-26,43938
Germany,2020-03-27,50871
Germany,2020-03-28,57695
Germany,2020-03-29,62095
Germany,2020-03-30,66885
Germany,2020-03-31,71808
Germany,2020-04-01,77872
Germany,2020-04-02,84794
Germany,2020-04-03,91159
Germany,2020-04-04,96092
Germany,2020-04-05,100123
Germany,2020-04-06,103374
Germany,2020-04-07,107663
Germany,2020-04-08,113296
Germany,2020-04-09,118181
Germany,2020-04-10,122171
Germany,2020-04-11,124908
Germany,2020-04-12,127854
Germany,2020-04-13,130072
Germany,2020-04-14,131359
Germany,2020-04-15,134753
Germany,2020-04-16,137698
Germany,2020-04-17,141397
Germany,2020-04-18,143342
Germany,2020-04-19,145184
Germany,2020-04-20,147065
Germany,2020-04-21,148291
Germany,2020-04-22,150648
Germany,2020-04-23,153129
Germany,2020-04-24,154999
Germany,2020-04-25,156513
Germany,2020-04-26,157770
Germany,2020-04-27,158758
Germany,2020-04-28,159912
Germany,2020-04-29,161539
Germany,2020-04-30,163009
Germany,2020-05-01,164077
Germany,2020-05-02,164967
Germany,2020-05-03,165664
Germany,2020-05-04,166152
Germany,2020-05-05,167007
Germany,2020-05-06,168162
Germany,2020-05-07,169430
Germany,2020-05-08,170588
Germany,2020-05-09,171324
Germany,2020-05-10,171879
Germany,2020-05-11,172576
Germany,2020-05-12,173171
Germany,2020-05-13,174098
Germany,2020-05-14,174478
Germany,2020-05-15,175233
Germany,2020-05-16,175752
Germany,2020-05-17,176369
Germany,2020-05-18,176551
Germany,2020-05-19,177778
Germany,2020-05-20,178473
Germany,2020-05-21,179021
Germany,2020-05-22,179710
Germany,2020-05-23,179986
Germany,2020-05-24,180328
Germany,2020-05-25,180600
Germany,2020-05-26,181200
Germany,2020-05-27,181524
Germany,2020-05-28,182196
Germany,2020-05-29,182922
Germany,2020-05-30,183189
Germany,2020-05-31,183410
Germany,2020-06-01,183594
Germany,2020-06-02,183879
Germany,2020-06-03,184121
Germany,2020-06-04,184472
Germany,2020-06-05,184924
Germany,2020-06-06,185450
Germany,2020-06-07,185750
Germany,2020-06-08,186109
Germany,2020-06-09,186506
Germany,2020-06-10,186522
Germany,2020-06-11,186691
Germany,2020-06-12,187226
Germany,2020-06-13,187267
Germany,2020-06-14,187518
Germany,2020-06-15,187682
Germany,2020-06-16,188252
Germany,2020-06-17,188604
Germany,2020-06-18,189817
Germany,2020-06-19,190299
Germany,2020-06-20,190670
Germany,2020-06-21,191272
Germany,2020-06-22,191768
Germany,2020-06-23,192480
Germany,2020-06-24,192871
Germany,2020-06-25,193371
Germany,2020-06-26,194036
Germany,2020-06-27,194458
Germany,2020-06-28,194693
Germany,2020-06-29,195042
Germany,2020-06-30,195418
Germany,2020-07-01,195893
Germany,2020-07-02,196370
Germany,2020-07-03,196780
Germany,2020-07-04,197198
Germany,2020-07-05,197523
Germany,2020-07-06,198064
Germany,2020-07-07,198343
Germany,2020-07-08,198699
Germany,2020-07-09,199001
Germany,2020-07-10,199332
Germany,2020-07-11,199709
Germany,2020-07-12,199919
Germany,2020-07-13,200180
Germany,2020-07-14,200456
Germany,2020-07-15,200890
Germany,2020-07-16,201450
Germany,2020-07-17,202045
Germany,2020-07-18,202426
Germany,2020-07-19,202735
Germany,2020-07-20,203325
Germany,2020-07-21,203717
Germany,2020-07-22,204276
Germany,2020-07-23,204881
Germany,2020-07-24,205623
Germany,2020-07-25,206278
Germany,2020-07-26,206667
Germany,2020-07-27,207112
Germany,2020-07-28,207707
Germany,2020-07-29,208546
Germany,2020-07-30,209535
Germany,2020-07-31,210399
India,2020-01-22,0
India,2020-01-23,0
India,2020-01-24,0
India,2020-01-25,0
India,2020-01-26,0
India,2020-01-27,0
India,2020-01-28,0
India,2020-01-29,0
India,2020-01-30,1
India,2020-01-31,1
India,2020-02-01,1
India,2020-02-02,2
India,2020-02-03,3
India,2020-02-04,3
India,2020-02-05,3
India,2020-02-06,3
India,2020-02-07,3
India,2020-02-08,3
India,2020-02-09,3
India,2020-02-10,3
India,2020-02-11,3
India,2020-02-12,3
India,2020-02-13,3
India,2020-02-14,3
India,2020-02-15,3
India,2020-02-16,3
India,2020-02-17,3
India,2020-02-18,3
India,2020-02-19,3
India,2020-02-20,3
India,2020-02-21,3
India,2020-02-22,3
India,2020-02-23,3
India,2020-02-24,3
India,2020-02-25,3
India,2020-02-26,3
India,2020-02-27,3
India,2020-02-28,3
India,2020-02-29,3
India,2020-03-01,3
India,2020-03-02,5
India,2020-03-03,5
India,2020-03-04,28
India,2020-03-05,30
India,2020-03-06,31
India,2020-03-07,34
India,2020-03-08,39
India,2020-03-09,43
India,2020-03-10,56
India,2020-03-11,62
India,2020-03-12,73
India,2020-03-13,82
India,2020-03-14,102
India,2020-03-15,113
India,2020-03-16,119
India,2020-03-17,142
India,2020-03-18,156
India,2020-03-19,194
India,2020-03-20,244
India,2020-03-21,330
India,2020-03-22,396
India,2020-03-23,499
India,2020-03-24,536
India,2020-03-25,657
India,2020-03-26,727
India,2020-03-27,887
India,2020-03-28,987
India,2020-03-29,1024
India,2020-03-30,1251
India,2020-03-31,1397
India,2020-04-01,1998
India,2020-04-02,2543
India,2020-04-03,2567
India,2020-04-04,3082
India,2020-04-05,3588
India,2020-04-06,4778
India,2020-04-07,5311
India,2020-04-08,5916
India,2020-04-09,6725
India,2020-04-10,7598
India,2020-04-11,8446
India,2020-04-12,9205
India,2020-04-13,10453
India,2020-04-14,11487
India,2020-04-15,12322
India,2020-04-16,13430
India,2020-04-17,14352
India,2020-04-18,15722
India,2020-04-19,17615
India,2020-04-20,18539
India,2020-04-21,20080
India,2020-04-22,21370
India,2020-04-23,23077
India,2020-04-24,24530
India,2020-04-25,26283
India,2020-04-26,27890
India,2020-04-27,29451
India,2020-04-28,31324
India,2020-04-29,33062
India,2020-04-30,34863
India,2020-05-01,37257
India,2020-05-02,39699
India,2020-05-03,42505
India,2020-05-04,46437
India,2020-05-05,49400
India,2020-05-06,52987
India,2020-05-07,56351
India,2020-05-08,59695
India,2020-05-09,62808
India,2020-05-10,67161
India,2020-05-11,70768
India,2020-05-12,74292
India,2020-05-13,78055
India,2020-05-14,81997
India,2020-05-15,85784
India,2020-05-16,90648
India,2020-05-17,95698
India,2020-05-18,100328
India,2020-05-19,106475
India,2020-05-20,112028
India,2020-05-21,118226
India,2020-05-22,124794
India,2020-05-23,131423
India,2020-05-24,138536
India,2020-05-25,144950
India,2020-05-26,150793
India,2020-05-27,158086
India,2020-05-28,165386
India,2020-05-29,173491
India,2020-05-30,181827
India,2020-05-31,190609
India,2020-06-01,198370
India,2020-06-02,207191
India,2020-06-03,216824
India,2020-06-04,226713
India,2020-06-05,236184
India,2020-06-06,246622
India,2020-06-07,257486
India,2020-06-08,265928
India,2020-06-09,276146
India,2020-06-10,286605
India,2020-06-11,297535
India,2020-06-12,308993
India,2020-06-13,320922
India,2020-06-14,332424
India,2020-06-15,343091
India,2020-06-16,354065
India,2020-06-17,366946
India,2020-06-18,380532
India,2020-06-19,395048
India,2020-06-20,410451
India,2020-06-21,425282
India,2020-06-22,440215
India,2020-06-23,456183
India,2020-06-24,473105
India,2020-06-25,490401
India,2020-06-26,508953
India,2020-06-27,528859
India,2020-06-28,548318
India,2020-06-29,566840
India,2020-06-30,585481
India,2020-07-01,604641
India,2020-07-02,625544
India,2020-07-03,648315
India,2020-07-04,673165
India,2020-07-05,697413
India,2020-07-06,719664
India,2020-07-07,742417
India,2020-07-08,767296
India,2020-07-09,793802
India,2020-07-10,820916
India,2020-07-11,849522
India,2020-07-12,878254
India,2020-07-13,906752
India,2020-07-14,936181
India,2020-07-15,968857
India,2020-07-16,1003832
India,2020-07-17,1039084
India,2020-07-18,1077781
India,2020-07-19,1118206
India,2020-07-20,1155338
India,2020-07-21,1193078
India,2020-07-22,1238798
India,2020-07-23,1288108
India,2020-07-24,1337024
India,2020-07-25,1385635
India,2020-07-26,1435616
India,2020-07-27,1480073
India,2020-07-28,1531669
India,2020-07-29,1581963
India,2020-07-30,1634746
India,2020-07-31,1695988
Italy,2020-01-22,0
Italy,2020-01-23,0
Italy,2020-01-24,0
Italy,2020-01-25,0
Italy,2020-01-26,0
Italy,2020-01-27,0
Italy,2020-01-28,0
Italy,2020-01-29,0
Italy,2020-01-30,0
Italy,2020-01-31,2
Italy,2020-02-01,2
Italy,2020-02-02,2
Italy,2020-02-03,2
Italy,2020-02-04,2
Italy,2020-02-05,2
Italy,2020-02-06,2
Italy,2020-02-07,3
Italy,2020-02-08,3
Italy,2020-02-09,3
Italy,2020-02-10,3
Italy,2020-02-11,3
Italy,2020-02-12,3
Italy,2020-02-13,3
Italy,2020-02-14,3
Italy,2020-02-15,3
Italy,2020-02-16,3
Italy,2020-02-17,3
Italy,2020-02-18,3
Italy,2020-02-19,3
Italy,2020-02-20,3
Italy,2020-02-21,20
Italy,2020-02-22,62
Italy,2020-02-23,155
Italy,2020-02-24,229
Italy,2020-02-25,322
Italy,2020-02-26,453
Italy,2020-02-27,655
Italy,2020-02-28,888
Italy,2020-02-29,1128
Italy,2020-03-01,1694
Italy,2020-03-02,2036
Italy,2020-03-03,2502
Italy,2020-03-04,3089
Italy,2020-03-05,3858
Italy,2020-03-06,4636
Italy,2020-03-07,5883
Italy,2020-03-08,7375
Italy,2020-03-09,9172
Italy,2020-03-10,10149
Italy,2020-03-11,12462
Italy,2020-03-12,15113
Italy,2020-03-13,17660
Italy,2020-03-14,21157
Italy,2020-03-15,24747
Italy,2020-03-16,27980
Italy,2020-03-17,31506
Italy,2020-03-18,35713
Italy,2020-03-19,41035
Italy,2020-03-20,47021
Italy,2020-03-21,53578
Italy,2020-03-22,59138
Italy,2020-03-23,63927
Italy,2020-03-24,69176
Italy,2020-03-25,74386
Italy,2020-03-26,80589
Italy,2020-03-27,86498
Italy,2020-03-28,92472
Italy,2020-03-29,97689
Italy,2020-03-30,101739
Italy,2020-03-31,105792
Italy,2020-04-01,110574
Italy,2020-04-02,115242
Italy,2020-04-03,119827
Italy,2020-04-04,124632
Italy,2020-04-05,128948
Italy,2020-04-06,132547
Italy,2020-04-07,135586
Italy,2020-04-08,139422
Italy,2020-04-09,143626
Italy,2020-04-10,147577
Italy,2020-04-11,152271
Italy,2020-04-12,156363
Italy,2020-04-13,159516
Italy,2020-04-14,162488
Italy,2020-04-15,165155
Italy,2020-04-16,168941
Italy,2020-04-17,172434
Italy,2020-04-18,175925
Italy,2020-04-19,178972
Italy,2020-04-20,181228
Italy,2020-04-21,183957
Italy,2020-04-22,187327
Italy,2020-04-23,189973
Italy,2020-04-24,192994
Italy,2020-04-25,195351
Italy,2020-04-26,197675
Italy,2020-04-27,199414
Italy,2020-04-28,201505
Italy,2020-04-29,203591
Italy,2020-04-30,205463
Italy,2020-05-01,207428
Italy,2020-05-02,209328
Italy,2020-05-03,210717
Italy,2020-05-04,211938
Italy,2020-05-05,213013
Italy,2020-05-06,214457
Italy,2020-05-07,215858
Italy,2020-05-08,217185
Italy,2020-05-09,218268
Italy,2020-05-10,219070
Italy,2020-05-11,219814
Italy,2020-05-12,221216
Italy,2020-05-13,222104
Italy,2020-05-14,223096
Italy,2020-05-15,223885
Italy,2020-05-16,224760
Italy,2020-05-17,225435
Italy,2020-05-18,225886
Italy,2020-05-19,226699
Italy,2020-05-20,227364
Italy,2020-05-21,228006
Italy,2020-05-22,228658
Italy,2020-05-23,229327
Italy,2020-05-24,229858
Italy,2020-05-25,230158
Italy,2020-05-26,230555
Italy,2020-05-27,231139
Italy,2020-05-28,231732
Italy,2020-05-29,232248
Italy,2020-05-30,232664
Italy,2020-05-31,232997
Italy,2020-06-01,233197
Italy,2020-06-02,233515
Italy,2020-06-03,233836
Italy,2020-06-04,234013
Italy,2020-06-05,234531
Italy,2020-06-06,234801
Italy,2020-06-07,234998
Italy,2020-06-08,235278
Italy,2020-06-09,235561
Italy,2020-06-10,235763
Italy,2020-06-11,236142
Italy,2020-06-12,236305
Italy,2020-06-13,236651
Italy,2020-06-14,236989
Italy,2020-06-15,237290
Italy,2020-06-16,237500
Italy,2020-06-17,237828
Italy,2020-06-18,238159
Italy,2020-06-19,238011
Italy,2020-06-20,238275
Italy,2020-06-21,238499
Italy,2020-06-22,238720
Italy,2020-06-23,238833
Italy,2020-06-24,239410
Italy,2020-06-25,239706
Italy,2020-06-26,239961
Italy,2020-06-27,240136
Italy,2020-06-28,240310
Italy,2020-06-29,240436
Italy,2020-06-30,240578
Italy,2020-07-01,240760
Italy,2020-07-02,240961
Italy,2020-07-03,241184
Italy,2020-07-04,241419
Italy,2020-07-05,241611
Italy,2020-07-06,241819
Italy,2020-07-07,241956
Italy,2020-07-08,242149
Italy,2020-07-09,242363
Italy,2020-07-10,242639
Italy,2020-07-11,242827
Italy,2020-07-12,243061
Italy,2020-07-13,243230
Italy,2020-07-14,243344
Italy,2020-07-15,243506
Italy,2020-07-16,243736
Italy,2020-07-17,243967
Italy,2020-07-18,244216
Italy,2020-07-19,244434
Italy,2020-07-20,244624
Italy,2020-07-21,244752
Italy,2020-07-22,245032
Italy,2020-07-23,245338
Italy,2020-07-24,245590
Italy,2020-07-25,245864
Italy,2020-07-26,246118
Italy,2020-07-27,246286
Italy,2020-07-28,246488
Italy,2020-07-29,246776
Italy,2020-07-30,247158
Italy,2020-07-31,247537
Japan,2020-01-22,2
Japan,2020-01-23,2
Japan,2020-01-24,2
Japan,2020-01-25,2
Japan,2020-01-26,4
Japan,2020-01-27,4
Japan,2020-01-28,7
Japan,2020-01-29,7
Japan,2020-01-30,11
Japan,2020-01-31,15
Japan,2020-02-01,20
Japan,2020-02-02,20
Japan,2020-02-03,20
Japan,2020-02-04,22
Japan,2020-02-05,23
Japan,2020-02-06,23
Japan,2020-02-07,23
Japan,2020-02-08,24
Japan,2020-02-09,24
Japan,2020-02-10,26
Japan,2020-02-11,27
Japan,2020-02-12,28
Japan,2020-02-13,33
Japan,2020-02-14,43
Japan,2020-02-15,54
Japan,2020-02-16,60
Japan,2020-02-17,67
Japan,2020-02-18,79
Japan,2020-02-19,85
Japan,2020-02-20,95
Japan,2020-02-21,112
Japan,2020-02-22,137
Japan,2020-02-23,149
Japan,2020-02-24,160
Japan,2020-02-25,173
Japan,2020-02-26,192
Japan,2020-02-27,218
Japan,2020-02-28,236
Japan,2020-02-29,245
Japan,2020-03-01,259
Japan,2020-03-02,278
Japan,2020-03-03,298
Japan,2020-03-04,333
Japan,2020-03-05,365
Japan,2020-03-06,420
Japan,2020-03-07,466
Japan,2020-03-08,499
Japan,2020-03-09,527
Japan,2020-03-10,585
Japan,2020-03-11,640
Japan,2020-03-12,696
Japan,2020-03-13,733
Japan,2020-03-14,795
Japan,2020-03-15,826
Japan,2020-03-16,843
Japan,2020-03-17,893
Japan,2020-03-18,928
Japan,2020-03-19,968
Japan,2020-03-20,1022
Japan,2020-03-21,1059
Japan,2020-03-22,1104
Japan,2020-03-23,1144
Japan,2020-03-24,1217
Japan,2020-03-25,1314
Japan,2020-03-26,1416
Japan,2020-03-27,1530
Japan,2020-03-28,1728
Japan,2020-03-29,1907
Japan,2020-03-30,2001
Japan,2020-03-31,2255
Japan,2020-04-01,2535
Japan,2020-04-02,2818
Japan,2020-04-03,3154
Japan,2020-04-04,3525
Japan,2020-04-05,3876
Japan,2020-04-06,4110
Japan,2020-04-07,4485
Japan,2020-04-08,5020
Japan,2020-04-09,5614
Japan,2020-04-10,6250
Japan,2020-04-11,6951
Japan,2020-04-12,7473
Japan,2020-04-13,7773
Japan,2020-04-14,8277
Japan,2020-04-15,8835
Japan,2020-04-16,9398
Japan,2020-04-17,9958
Japan,2020-04-18,10548
Japan,2020-04-19,10914
Japan,2020-04-20,11258
Japan,2020-04-21,11641
Japan,2020-04-22,12037
Japan,2020-04-23,12469
Japan,2020-04-24,12854
Japan,2020-04-25,13186
Japan,2020-04-26,13405
Japan,2020-04-27,13576
Japan,2020-04-28,13860
Japan,2020-04-29,14076
Japan,2020-04-30,14284
Japan,2020-05-01,14558
Japan,2020-05-02,14861
Japan,2020-05-03,15061
Japan,2020-05-04,15229
Japan,2020-05-05,15354
Japan,2020-05-06,15455
Japan,2020-05-07,15553
Japan,2020-05-08,15640
Japan,2020-05-09,15755
Japan,2020-05-10,15824
Japan,2020-05-11,15861
Japan,2020-05-12,15948
Japan,2020-05-13,15998
Japan,2020-05-14,16096
Japan,2020-05-15,16148
Japan,2020-05-16,16202
Japan,2020-05-17,16226
Japan,2020-05-18,16259
Japan,2020-05-19,16287
Japan,2020-05-20,16321
Japan,2020-05-21,16362
Japan,2020-05-22,16385
Japan,2020-05-23,16410
Japan,2020-05-24,16451
Japan,2020-05-25,16472
Japan,2020-05-26,16502
Japan,2020-05-27,16528
Japan,2020-05-28,16598
Japan,2020-05-29,16673
Japan,2020-05-30,16716
Japan,2020-05-31,16751
Japan,2020-06-01,16787
Japan,2020-06-02,16837
Japan,2020-06-03,16867
Japan,2020-06-04,16911
Japan,2020-06-05,16958
Japan,2020-06-06,17000
Japan,2020-06-07,17039
Japan,2020-06-08,17060
Japan,2020-06-09,17111
Japan,2020-06-10,17146
Japan,2020-06-11,17187
Japan,2020-06-12,17250
Japan,2020-06-13,17293
Japan,2020-06-14,17369
Japan,2020-06-15,17439
Japan,2020-06-16,17484
Japan,2020-06-17,17530
Japan,2020-06-18,17588
Japan,2020-06-19,17658
Japan,2020-06-20,17725
Japan,2020-06-21,17780
Japan,2020-06-22,17820
Japan,2020-06-23,17879
Japan,2020-06-24,17963
Japan,2020-06-25,18055
Japan,2020-06-26,18162
Japan,2020-06-27,18254
Japan,2020-06-28,18366
Japan,2020-06-29,18476
Japan,2020-06-30,18615
Japan,2020-07-01,18838
Japan,2020-07-02,19055
Japan,2020-07-03,19185
Japan,2020-07-04,19461
Japan,2020-07-05,19668
Japan,2020-07-06,19848
Japan,2020-07-07,20055
Japan,2020-07-08,20261
Japan,2020-07-09,20617
Japan,2020-07-10,21044
Japan,2020-07-11,21430
Japan,2020-07-12,21841
Japan,2020-07-13,22125
Japan,2020-07-14,22437
Japan,2020-07-15,23172
Japan,2020-07-16,23510
Japan,2020-07-17,24104
Japan,2020-07-18,24946
Japan,2020-07-19,25446
Japan,2020-07-20,25706
Japan,2020-07-21,26463
Japan,2020-07-22,27136
Japan,2020-07-23,28114
Japan,2020-07-24,28883
Japan,2020-07-25,29684
Japan,2020-07-26,30548
Japan,2020-07-27,31142
Japan,2020-07-28,32116
Japan,2020-07-29,33382
Japan,2020-07-30,35144
Japan,2020-07-31,36234
South Korea,2020-01-22,1
South Korea,2020-01-23,1
South Korea,2020-01-24,2
South Korea,2020-01-25,2
South Korea,2020-01-26,3
South Korea,2020-01-27,4
South Korea,2020-01-28,4
South Korea,2020-01-29,4
South Korea,2020-01-30,4
South Korea,2020-01-31,11
South Korea,2020-02-01,12
South Korea,2020-02-02,15
South Korea,2020-02-03,15
South Korea,2020-02-04,16
South Korea,2020-02-05,19
South Korea,2020-02-06,23
South Korea,2020-02-07,24
South Korea,2020-02-08,24
South Korea,2020-02-09,25
South Korea,2020-02-10,27
South Korea,2020-02-11,28
South Korea,2020-02-12,28
South Korea,2020-02-13,28
South Korea,2020-02-14,28
South Korea,2020-02-15,28
South Korea,2020-02-16,29
South Korea,2020-02-17,30
South Korea,2020-02-18,31
South Korea,2020-02-19,31
South Korea,2020-02-20,104
South Korea,2020-02-21,204
South Korea,2020-02-22,433
South Korea,2020-02-23,602
South Korea,2020-02-24,833
South Korea,2020-02-25,977
South Korea,2020-02-26,1261
South Korea,2020-02-27,1766
South Korea,2020-02-28,2337
South Korea,2020-02-29,3150
South Korea,2020-03-01,3736
South Korea,2020-03-02,4335
South Korea,2020-03-03,5186
South Korea,2020-03-04,5621
South Korea,2020-03-05,6088
South Korea,2020-03-06,6593
South Korea,2020-03-07,7041
South Korea,2020-03-08,7314
South Korea,2020-03-09,7478
South Korea,2020-03-10,7513
South Korea,2020-03-11,7755
South Korea,2020-03-12,7869
South Korea,2020-03-13,7979
South Korea,2020-03-14,8086
South Korea,2020-03-15,8162
South Korea,2020-03-16,8236
South Korea,2020-03-17,8320
South Korea,2020-03-18,8413
South Korea,2020-03-19,8565
South Korea,2020-03-20,8652
South Korea,2020-03-21,8799
South Korea,2020-03-22,8961
South Korea,2020-03-23,8961
South Korea,2020-03-24,9037
South Korea,2020-03-25,9137
South Korea,2020-03-26,9241
South Korea,2020-03-27,9332
South Korea,2020-03-28,9478
South Korea,2020-03-29,9583
South Korea,2020-03-30,9661
South Korea,2020-03-31,9786
South Korea,2020-04-01,9887
South Korea,2020-04-02,9976
South Korea,2020-04-03,10062
South Korea,2020-04-04,10156
South Korea,2020-04-05,10237
South Korea,2020-04-06,10284
South Korea,2020-04-07,10331
South Korea,2020-04-08,10384
South Korea,2020-04-09,10423
South Korea,2020-04-10,10450
South Korea,2020-04-11,10480
South Korea,2020-04-12,10512
South Korea,2020-04-13,10537
South Korea,2020-04-14,10564
South Korea,2020-04-15,10591
South Korea,2020-04-16,10613
South Korea,2020-04-17,10635
South Korea,2020-04-18,10653
South Korea,2020-04-19,10661
South Korea,2020-04-20,10674
South Korea,2020-04-21,10683
South Korea,2020-04-22,10694
South Korea,2020-04-23,10708
South Korea,2020-04-24,10718
South Korea,2020-04-25,10728
South Korea,2020-04-26,10738
South Korea,2020-04-27,10752
South Korea,2020-04-28,10761
South Korea,2020-04-29,10765
South Korea,2020-04-30,10774
South Korea,2020-05-01,10780
South Korea,2020-05-02,10793
South Korea,2020-05-03,10801
South Korea,2020-05-04,10804
South Korea,2020-05-05,10806
South Korea,2020-05-06,10810
South Korea,2020-05-07,10822
South Korea,2020-05-08,10840
South Korea,2020-05-09,10874
South Korea,2020-05-10,10909
South Korea,2020-05-11,10936
South Korea,2020-05-12,10962
South Korea,2020-05-13,10991
South Korea,2020-05-14,11018
South Korea,2020-05-15,11037
South Korea,2020-05-16,11050
South Korea,2020-05-17,11065
South Korea,2020-05-18,11078
South Korea,2020-05-19,11110
South Korea,2020-05-20,11122
South Korea,2020-05-21,11142
South Korea,2020-05-22,11165
South Korea,2020-05-23,11190
South Korea,2020-05-24,11206
South Korea,2020-05-25,11225
South Korea,2020-05-26,11265
South Korea,2020-05-27,11344
South Korea,2020-05-28,11402
South Korea,2020-05-29,11441
South Korea,2020-05-30,11468
South Korea,2020-05-31,11503
South Korea,2020-06-01,11541
South Korea,2020-06-02,11590
South Korea,2020-06-03,11629
South Korea,2020-06-04,11668
South Korea,2020-06-05,11719
South Korea,2020-06-06,11776
South Korea,2020-06-07,11814
South Korea,2020-06-08,11852
South Korea,2020-06-09,11902
South Korea,2020-06-10,11947
South Korea,2020-06-11,12003
South Korea,2020-06-12,12051
South Korea,2020-06-13,12085
South Korea,2020-06-14,12121
South Korea,2020-06-15,12155
South Korea,2020-06-16,12198
South Korea,2020-06-17,12257
South Korea,2020-06-18,12306
South Korea,2020-06-19,12373
South Korea,2020-06-20,12421
South Korea,2020-06-21,12438
South Korea,2020-06-22,12484
South Korea,2020-06-23,12535
South Korea,2020-06-24,12563
South Korea,2020-06-25,12602
South Korea,2020-06-26,12653
South Korea,2020-06-27,12715
South Korea,2020-06-28,12757
South Korea,2020-06-29,12800
South Korea,2020-06-30,12850
South Korea,2020-07-01,12904
South Korea,2020-07-02,12967
South Korea,2020-07-03,13030
South Korea,2020-07-04,13091
South Korea,2020-07-05,13137
South Korea,2020-07-06,13181
South Korea,2020-07-07,13244
South Korea,2020-07-08,13293
South Korea,2020-07-09,13338
South Korea,2020-07-10,13373
South Korea,2020-07-11,13417
South Korea,2020-07-12,13479
South Korea,2020-07-13,13512
South Korea,2020-07-14,13551
South Korea,2020-07-15,13612
South Korea,2020-07-16,13672
South Korea,2020-07-17,13711
South Korea,2020-07-18,13745
South Korea,2020-07-19,13771
South Korea,2020-07-20,13816
South Korea,2020-07-21,13879
South Korea,2020-07-22,13938
South Korea,2020-07-23,13979
South Korea,2020-07-24,14092
South Korea,2020-07-25,14150
South Korea,2020-07-26,14175
South Korea,2020-07-27,14203
South Korea,2020-07-28,14251
South Korea,2020-07-29,14269
South Korea,2020-07-30,14305
South Korea,2020-07-31,14336
Mexico,2020-01-22,0
Mexico,2020-01-23,0
Mexico,2020-01-24,0
Mexico,2020-01-25,0
Mexico,2020-01-26,0
Mexico,2020-01-27,0
Mexico,2020-01-28,0
Mexico,2020-01-29,0
Mexico,2020-01-30,0
Mexico,2020-01-31,0
Mexico,2020-02-01,0
Mexico,2020-02-02,0
Mexico,2020-02-03,0
Mexico,2020-02-04,0
Mexico,2020-02-05,0
Mexico,2020-02-06,0
Mexico,2020-02-07,0
Mexico,2020-02-08,0
Mexico,2020-02-09,0
Mexico,2020-02-10,0
Mexico,2020-02-11,0
Mexico,2020-02-12,0
Mexico,2020-02-13,0
Mexico,2020-02-14,0
Mexico,2020-02-15,0
Mexico,2020-02-16,0
Mexico,2020-02-17,0
Mexico,2020-02-18,0
Mexico,2020-02-19,0
Mexico,2020-02-20,0
Mexico,2020-02-21,0
Mexico,2020-02-22,0
Mexico,2020-02-23,0
Mexico,2020-02-24,0
Mexico,2020-02-25,0
Mexico,2020-02-26,0
Mexico,2020-02-27,0
Mexico,2020-02-28,1
Mexico,2020-02-29,4
Mexico,2020-03-01,5
Mexico,2020-03-02,5
Mexico,2020-03-03,5
Mexico,2020-03-04,5
Mexico,2020-03-05,5
Mexico,2020-03-06,6
Mexico,2020-03-07,6
Mexico,2020-03-08,7
Mexico,2020-03-09,7
Mexico,2020-03-10,7
Mexico,2020-03-11,8
Mexico,2020-03-12,12
Mexico,2020-03-13,26
Mexico,2020-03-14,41
Mexico,2020-03-15,53
Mexico,2020-03-16,82
Mexico,2020-03-17,93
Mexico,2020-03-18,118
Mexico,2020-03-19,164
Mexico,2020-03-20,203
Mexico,2020-03-21,251
Mexico,2020-03-22,316
Mexico,2020-03-23,367
Mexico,2020-03-24,405
Mexico,2020-03-25,475
Mexico,2020-03-26,585
Mexico,2020-03-27,717
Mexico,2020-03-28,848
Mexico,2020-03-29,993
Mexico,2020-03-30,1094
Mexico,2020-03-31,1215
Mexico,2020-04-01,1378
Mexico,2020-04-02,1510
Mexico,2020-04-03,1688
Mexico,2020-04-04,1890
Mexico,2020-04-05,2143
Mexico,2020-04-06,2439
Mexico,2020-04-07,2785
Mexico,2020-04-08,3181
Mexico,2020-04-09,3441
Mexico,2020-04-10,3844
Mexico,2020-04-11,4219
Mexico,2020-04-12,4661
Mexico,2020-04-13,5014
Mexico,2020-04-14,5399
Mexico,2020-04-15,5847
Mexico,2020-04-16,6297
Mexico,2020-04-17,6875
Mexico,2020-04-18,7497
Mexico,2020-04-19,8261
Mexico,2020-04-20,8772
Mexico,2020-04-21,9501
Mexico,2020-04-22,10544
Mexico,2020-04-23,11633
Mexico,2020-04-24,12872
Mexico,2020-04-25,13842
Mexico,2020-04-26,14677
Mexico,2020-04-27,15529
Mexico,2020-04-28,16752
Mexico,2020-04-29,17799
Mexico,2020-04-30,19224
Mexico,2020-05-01,20739
Mexico,2020-05-02,22088
Mexico,2020-05-03,23471
Mexico,2020-05-04,24905
Mexico,2020-05-05,26025
Mexico,2020-05-06,27634
Mexico,2020-05-07,29616
Mexico,2020-05-08,31522
Mexico,2020-05-09,33460
Mexico,2020-05-10,35022
Mexico,2020-05-11,36327
Mexico,2020-05-12,38324
Mexico,2020-05-13,40186
Mexico,2020-05-14,42595
Mexico,2020-05-15,45032
Mexico,2020-05-16,47144
Mexico,2020-05-17,49219
Mexico,2020-05-18,51633
Mexico,2020-05-19,54346
Mexico,2020-05-20,56594
Mexico,2020-05-21,59567
Mexico,2020-05-22,62527
Mexico,2020-05-23,65856
Mexico,2020-05-24,68620
Mexico,2020-05-25,71105
Mexico,2020-05-26,74560
Mexico,2020-05-27,78023
Mexico,2020-05-28,81400
Mexico,2020-05-29,84627
Mexico,2020-05-30,87512
Mexico,2020-05-31,90664
Mexico,2020-06-01,93435
Mexico,2020-06-02,97326
Mexico,2020-06-03,101238
Mexico,2020-06-04,105680
Mexico,2020-06-05,110026
Mexico,2020-06-06,113619
Mexico,2020-06-07,117103
Mexico,2020-06-08,120102
Mexico,2020-06-09,124301
Mexico,2020-06-10,129184
Mexico,2020-06-11,133974
Mexico,2020-06-12,139196
Mexico,2020-06-13,142690
Mexico,2020-06-14,146837
Mexico,2020-06-15,150264
Mexico,2020-06-16,154863
Mexico,2020-06-17,159793
Mexico,2020-06-18,165455
Mexico,2020-06-19,170485
Mexico,2020-06-20,175202
Mexico,2020-06-21,180545
Mexico,2020-06-22,185122
Mexico,2020-06-23,191410
Mexico,2020-06-24,196847
Mexico,2020-06-25,202951
Mexico,2020-06-26,208392
Mexico,2020-06-27,212802
Mexico,2020-06-28,216852
Mexico,2020-06-29,220657
Mexico,2020-06-30,226089
Mexico,2020-07-01,231770
Mexico,2020-07-02,238511
Mexico,2020-07-03,245251
Mexico,2020-07-04,252165
Mexico,2020-07-05,256848
Mexico,2020-07-06,261750
Mexico,2020-07-07,268008
Mexico,2020-07-08,275003
Mexico,2020-07-09,282283
Mexico,2020-07-10,289174
Mexico,2020-07-11,295268
Mexico,2020-07-12,299750
Mexico,2020-07-13,304435
Mexico,2020-07-14,311486
Mexico,2020-07-15,317635
Mexico,2020-07-16,324041
Mexico,2020-07-17,331298
Mexico,2020-07-18,338913
Mexico,2020-07-19,344224
Mexico,2020-07-20,349396
Mexico,2020-07-21,356255
Mexico,2020-07-22,362274
Mexico,2020-07-23,370712
Mexico,2020-07-24,378285
Mexico,2020-07-25,385036
Mexico,2020-07-26,390516
Mexico,2020-07-27,395489
Mexico,2020-07-28,402697
Mexico,2020-07-29,408449
Mexico,2020-07-30,416179
Mexico,2020-07-31,424637
Spain,2020-01-22,0
Spain,2020-01-23,0
Spain,2020-01-24,0
Spain,2020-01-25,0
Spain,2020-01-26,0
Spain,2020-01-27,0
Spain,2020-01-28,0
Spain,2020-01-29,0
Spain,2020-01-30,0
Spain,2020-01-31,0
Spain,2020-02-01,1
Spain,2020-02-02,1
Spain,2020-02-03,1
Spain,2020-02-04,1
Spain,2020-02-05,1
Spain,2020-02-06,1
Spain,2020-02-07,1
Spain,2020-02-08,1
Spain,2020-02-09,2
Spain,2020-02-10,2
Spain,2020-02-11,2
Spain,2020-02-12,2
Spain,2020-02-13,2
Spain,2020-02-14,2
Spain,2020-02-15,2
Spain,2020-02-16,2
Spain,2020-02-17,2
Spain,2020-02-18,2
Spain,2020-02-19,2
Spain,2020-02-20,2
Spain,2020-02-21,2
Spain,2020-02-22,2
Spain,2020-02-23,2
Spain,2020-02-24,2
Spain,2020-02-25,6
Spain,2020-02-26,13
Spain,2020-02-27,15
Spain,2020-02-28,32
Spain,2020-02-29,45
Spain,2020-03-01,84
Spain,2020-03-02,120
Spain,2020-03-03,165
Spain,2020-03-04,222
Spain,2020-03-05,259
Spain,2020-03-06,400
Spain,2020-03-07,500
Spain,2020-03-08,673
Spain,2020-03-09,1073
Spain,2020-03-10,1695
Spain,2020-03-11,2277
Spain,2020-03-12,2277
Spain,2020-03-13,5232
Spain,2020-03-14,6391
Spain,2020-03-15,7798
Spain,2020-03-16,9942
Spain,2020-03-17,11748
Spain,2020-03-18,13910
Spain,2020-03-19,17963
Spain,2020-03-20,20410
Spain,2020-03-21,25374
Spain,2020-03-22,28768
Spain,2020-03-23,35136
Spain,2020-03-24,39885
Spain,2020-03-25,49515
Spain,2020-03-26,57786
Spain,2020-03-27,65719
Spain,2020-03-28,73235
Spain,2020-03-29,80110
Spain,2020-03-30,87956
Spain,2020-03-31,95923
Spain,2020-04-01,104118
Spain,2020-04-02,112065
Spain,2020-04-03,119199
Spain,2020-04-04,126168
Spain,2020-04-05,131646
Spain,2020-04-06,136675
Spain,2020-04-07,141942
Spain,2020-04-08,148220
Spain,2020-04-09,153222
Spain,2020-04-10,158273
Spain,2020-04-11,163027
Spain,2020-04-12,166831
Spain,2020-04-13,170099
Spain,2020-04-14,172541
Spain,2020-04-15,177644
Spain,2020-04-16,184948
Spain,2020-04-17,190839
Spain,2020-04-18,191726
Spain,2020-04-19,198674
Spain,2020-04-20,200210
Spain,2020-04-21,204178
Spain,2020-04-22,208389
Spain,2020-04-23,213024
Spain,2020-04-24,202990
Spain,2020-04-25,205905
Spain,2020-04-26,207634
Spain,2020-04-27,209465
Spain,2020-04-28,210773
Spain,2020-04-29,212917
Spain,2020-04-30,213435
Spain,2020-05-01,215216
Spain,2020-05-02,216582
Spain,2020-05-03,217466
Spain,2020-05-04,218011
Spain,2020-05-05,219329
Spain,2020-05-06,220325
Spain,2020-05-07,221447
Spain,2020-05-08,222857
Spain,2020-05-09,223578
Spain,2020-05-10,224350
Spain,2020-05-11,227436
Spain,2020-05-12,228030
Spain,2020-05-13,228691
Spain,2020-05-14,229540
Spain,2020-05-15,230183
Spain,2020-05-16,230698
Spain,2020-05-17,230698
Spain,2020-05-18,231606
Spain,2020-05-19,232037
Spain,2020-05-20,232555
Spain,2020-05-21,233037
Spain,2020-05-22,234824
Spain,2020-05-23,235290
Spain,2020-05-24,235772
Spain,2020-05-25,235400
Spain,2020-05-26,236259
Spain,2020-05-27,236259
Spain,2020-05-28,237906
Spain,2020-05-29,238564
Spain,2020-05-30,239228
Spain,2020-05-31,239479
Spain,2020-06-01,239638
Spain,2020-06-02,239932
Spain,2020-06-03,240326
Spain,2020-06-04,240660
Spain,2020-06-05,240978
Spain,2020-06-06,241310
Spain,2020-06-07,241550
Spain,2020-06-08,241717
Spain,2020-06-09,241966
Spain,2020-06-10,242280
Spain,2020-06-11,242707
Spain,2020-06-12,243209
Spain,2020-06-13,243605
Spain,2020-06-14,243928
Spain,2020-06-15,244109
Spain,2020-06-16,244328
Spain,2020-06-17,244683
Spain,2020-06-18,245268
Spain,2020-06-19,245575
Spain,2020-06-20,245938
Spain,2020-06-21,246272
Spain,2020-06-22,246504
Spain,2020-06-23,246752
Spain,2020-06-24,247086
Spain,2020-06-25,247486
Spain,2020-06-26,247905
Spain,2020-06-27,248469
Spain,2020-06-28,248770
Spain,2020-06-29,248970
Spain,2020-06-30,249271
Spain,2020-07-01,249659
Spain,2020-07-02,250103
Spain,2020-07-03,250545
Spain,2020-07-04,250545
Spain,2020-07-05,250545
Spain,2020-07-06,251789
Spain,2020-07-07,252130
Spain,2020-07-08,252513
Spain,2020-07-09,253056
Spain,2020-07-10,253908
Spain,2020-07-11,253908
Spain,2020-07-12,253908
Spain,2020-07-13,255953
Spain,2020-07-14,256619
Spain,2020-07-15,257494
Spain,2020-07-16,258855
Spain,2020-07-17,260255
Spain,2020-07-18,260255
Spain,2020-07-19,260255
Spain,2020-07-20,264836
Spain,2020-07-21,266194
Spain,2020-07-22,267551
Spain,2020-07-23,270166
Spain,2020-07-24,272421
Spain,2020-07-25,272421
Spain,2020-07-26,272421
Spain,2020-07-27,278782
Spain,2020-07-28,280610
Spain,2020-07-29,282641
Spain,2020-07-30,285430
Spain,2020-07-31,288522
United Kingdom,2020-01-22,0
United Kingdom,2020-01-23,0
United Kingdom,2020-01-24,0
United Kingdom,2020-01-25,0
United Kingdom,2020-01-26,0
United Kingdom,2020-01-27,0
United Kingdom,2020-01-28,0
United Kingdom,2020-01-29,0
United Kingdom,2020-01-30,0
United Kingdom,2020-01-31,2
United Kingdom,2020-02-01,2
United Kingdom,2020-02-02,2
United Kingdom,2020-02-03,8
United Kingdom,2020-02-04,8
United Kingdom,2020-02-05,9
United Kingdom,2020-02-06,9
United Kingdom,2020-02-07,9
United Kingdom,2020-02-08,13
United Kingdom,2020-02-09,14
United Kingdom,2020-02-10,14
United Kingdom,2020-02-11,15
United Kingdom,2020-02-12,16
United Kingdom,2020-02-13,17
United Kingdom,2020-02-14,18
United Kingdom,2020-02-15,18
United Kingdom,2020-02-16,18
United Kingdom,2020-02-17,19
United Kingdom,2020-02-18,19
United Kingdom,2020-02-19,20
United Kingdom,2020-02-20,22
United Kingdom,2020-02-21,23
United Kingdom,2020-02-22,23
United Kingdom,2020-02-23,28
United Kingdom,2020-02-24,30
United Kingdom,2020-02-25,34
United Kingdom,2020-02-26,37
United Kingdom,2020-02-27,44
United Kingdom,2020-02-28,56
United Kingdom,2020-02-29,61
United Kingdom,2020-03-01,94
United Kingdom,2020-03-02,134
United Kingdom,2020-03-03,189
United Kingdom,2020-03-04,246
United Kingdom,2020-03-05,295
United Kingdom,2020-03-06,374
United Kingdom,2020-03-07,429
United Kingdom,2020-03-08,483
United Kingdom,2020-03-09,630
United Kingdom,2020-03-10,889
United Kingdom,2020-03-11,1301
United Kingdom,2020-03-12,1790
United Kingdom,2020-03-13,2270
United Kingdom,2020-03-14,2634
United Kingdom,2020-03-15,3077
United Kingdom,2020-03-16,3692
United Kingdom,2020-03-17,4462
United Kingdom,2020-03-18,5467
United Kingdom,2020-03-19,6533
United Kingdom,2020-03-20,7791
United Kingdom,2020-03-21,9006
United Kingdom,2020-03-22,10395
United Kingdom,2020-03-23,12744
United Kingdom,2020-03-24,15126
United Kingdom,2020-03-25,17843
United Kingdom,2020-03-26,20970
United Kingdom,2020-03-27,24219
United Kingdom,2020-03-28,27062
United Kingdom,2020-03-29,29954
United Kingdom,2020-03-30,34281
United Kingdom,2020-03-31,38815
United Kingdom,2020-04-01,43789
United Kingdom,2020-04-02,48718
United Kingdom,2020-04-03,53699
United Kingdom,2020-04-04,57772
United Kingdom,2020-04-05,61422
United Kingdom,2020-04-06,66738
United Kingdom,2020-04-07,72224
United Kingdom,2020-04-08,77387
United Kingdom,2020-04-09,82293
United Kingdom,2020-04-10,86660
United Kingdom,2020-04-11,90273
United Kingdom,2020-04-12,93812
United Kingdom,2020-04-13,98017
United Kingdom,2020-04-14,102365
United Kingdom,2020-04-15,107465
United Kingdom,2020-04-16,112808
United Kingdom,2020-04-17,117798
United Kingdom,2020-04-18,122534
United Kingdom,2020-04-19,126394
United Kingdom,2020-04-20,131260
United Kingdom,2020-04-21,136035
United Kingdom,2020-04-22,141540
United Kingdom,2020-04-23,146708
United Kingdom,2020-04-24,151689
United Kingdom,2020-04-25,155453
United Kingdom,2020-04-26,158926
United Kingdom,2020-04-27,163630
United Kingdom,2020-04-28,168357
United Kingdom,2020-04-29,173807
United Kingdom,2020-04-30,178771
United Kingdom,2020-05-01,183501
United Kingdom,2020-05-02,186731
United Kingdom,2020-05-03,189708
United Kingdom,2020-05-04,193091
United Kingdom,2020-05-05,196780
United Kingdom,2020-05-06,200616
United Kingdom,2020-05-07,204387
United Kingdom,2020-05-08,207439
United Kingdom,2020-05-09,209589
United Kingdom,2020-05-10,211911
United Kingdom,2020-05-11,215500
United Kingdom,2020-05-12,218895
United Kingdom,2020-05-13,222195
United Kingdom,2020-05-14,224813
United Kingdom,2020-05-15,227334
United Kingdom,2020-05-16,229406
United Kingdom,2020-05-17,231232
United Kingdom,2020-05-18,233809
United Kingdom,2020-05-19,236867
United Kingdom,2020-05-20,239579
United Kingdom,2020-05-21,242133
United Kingdom,2020-05-22,244174
United Kingdom,2020-05-23,245682
United Kingdom,2020-05-24,247037
United Kingdom,2020-05-25,248650
United Kingdom,2020-05-26,250309
United Kingdom,2020-05-27,252118
United Kingdom,2020-05-28,253854
United Kingdom,2020-05-29,255362
United Kingdom,2020-05-30,256469
United Kingdom,2020-05-31,257539
United Kingdom,2020-06-01,258983
United Kingdom,2020-06-02,260453
United Kingdom,2020-06-03,261802
United Kingdom,2020-06-04,263040
United Kingdom,2020-06-05,264150
United Kingdom,2020-06-06,264944
United Kingdom,2020-06-07,265662
United Kingdom,2020-06-08,266756
United Kingdom,2020-06-09,267915
United Kingdom,2020-06-10,269101
United Kingdom,2020-06-11,270108
United Kingdom,2020-06-12,271162
United Kingdom,2020-06-13,272050
United Kingdom,2020-06-14,272857
United Kingdom,2020-06-15,273888
United Kingdom,2020-06-16,274971
United Kingdom,2020-06-17,275970
United Kingdom,2020-06-18,276990
United Kingdom,2020-06-19,277974
United Kingdom,2020-06-20,278640
United Kingdom,2020-06-21,279264
United Kingdom,2020-06-22,280156
United Kingdom,2020-06-23,281038
United Kingdom,2020-06-24,281815
United Kingdom,2020-06-25,282512
United Kingdom,2020-06-26,283151
United Kingdom,2020-06-27,283785
United Kingdom,2020-06-28,284192
United Kingdom,2020-06-29,284812
United Kingdom,2020-06-30,285216
United Kingdom,2020-07-01,285279
United Kingdom,2020-07-02,285285
United Kingdom,2020-07-03,285787
United Kingdom,2020-07-04,286412
United Kingdom,2020-07-05,286931
United Kingdom,2020-07-06,287290
United Kingdom,2020-07-07,287874
United Kingdom,2020-07-08,288511
United Kingdom,2020-07-09,289154
United Kingdom,2020-07-10,289678
United Kingdom,2020-07-11,290504
United Kingdom,2020-07-12,291154
United Kingdom,2020-07-13,291691
United Kingdom,2020-07-14,292931
United Kingdom,2020-07-15,293469
United Kingdom,2020-07-16,294116
United Kingdom,2020-07-17,294803
United Kingdom,2020-07-18,295632
United Kingdom,2020-07-19,296358
United Kingdom,2020-07-20,296944
United Kingdom,2020-07-21,297389
United Kingdom,2020-07-22,297952
United Kingdom,2020-07-23,298731
United Kingdom,2020-07-24,299500
United Kingdom,2020-07-25,300270
United Kingdom,2020-07-26,301020
United Kingdom,2020-07-27,301708
United Kingdom,2020-07-28,302261
United Kingdom,2020-07-29,303063
United Kingdom,2020-07-30,303910
United Kingdom,2020-07-31,304793
US,2020-01-22,1
US,2020-01-23,1
US,2020-01-24,2
US,2020-01-25,2
US,2020-01-26,5
US,2020-01-27,5
US,2020-01-28,5
US,2020-01-29,5
US,2020-01-30,5
US,2020-01-31,7
US,2020-02-01,8
US,2020-02-02,8
US,2020-02-03,11
US,2020-02-04,11
US,2020-02-05,11
US,2020-02-06,11
US,2020-02-07,11
US,2020-02-08,11
US,2020-02-09,11
US,2020-02-10,11
US,2020-02-11,12
US,2020-02-12,12
US,2020-02-13,13
US,2020-02-14,13
US,2020-02-15,13
US,2020-02-16,13
US,2020-02-17,13
US,2020-02-18,13
US,2020-02-19,13
US,2020-02-20,13
US,2020-02-21,15
US,2020-02-22,15
US,2020-02-23,15
US,2020-02-24,15
US,2020-02-25,15
US,2020-02-26,15
US,2020-02-27,16
US,2020-02-28,16
US,2020-02-29,24
US,2020-03-01,30
US,2020-03-02,53
US,2020-03-03,73
US,2020-03-04,104
US,2020-03-05,174
US,2020-03-06,222
US,2020-03-07,337
US,2020-03-08,451
US,2020-03-09,519
US,2020-03-10,711
US,2020-03-11,1109
US,2020-03-12,1561
US,2020-03-13,2157
US,2020-03-14,2870
US,2020-03-15,2968
US,2020-03-16,4360
US,2020-03-17,6141
US,2020-03-18,8917
US,2020-03-19,14157
US,2020-03-20,19479
US,2020-03-21,25825
US,2020-03-22,33761
US,2020-03-23,43850
US,2020-03-24,54112
US,2020-03-25,66055
US,2020-03-26,84091
US,2020-03-27,102276
US,2020-03-28,122069
US,2020-03-29,141205
US,2020-03-30,162707
US,2020-03-31,188724
US,2020-04-01,214205
US,2020-04-02,244610
US,2020-04-03,276547
US,2020-04-04,309699
US,2020-04-05,337573
US,2020-04-06,367215
US,2020-04-07,397992
US,2020-04-08,429686
US,2020-04-09,464442
US,2020-04-10,497943
US,2020-04-11,527969
US,2020-04-12,556522
US,2020-04-13,581813
US,2020-04-14,608878
US,2020-04-15,637974
US,2020-04-16,669272
US,2020-04-17,701996
US,2020-04-18,730337
US,2020-04-19,756375
US,2020-04-20,783716
US,2020-04-21,809318
US,2020-04-22,837422
US,2020-04-23,871617
US,2020-04-24,907908
US,2020-04-25,940829
US,2020-04-26,968518
US,2020-04-27,990983
US,2020-04-28,1015518
US,2020-04-29,1043038
US,2020-04-30,1072667
US,2020-05-01,1106829
US,2020-05-02,1136024
US,2020-05-03,1161611
US,2020-05-04,1184086
US,2020-05-05,1208271
US,2020-05-06,1233527
US,2020-05-07,1261409
US,2020-05-08,1288587
US,2020-05-09,1314320
US,2020-05-10,1334084
US,2020-05-11,1352962
US,2020-05-12,1375152
US,2020-05-13,1396110
US,2020-05-14,1423727
US,2020-05-15,1449027
US,2020-05-16,1474128
US,2020-05-17,1493132
US,2020-05-18,1514901
US,2020-05-19,1535350
US,2020-05-20,1559157
US,2020-05-21,1584512
US,2020-05-22,1608653
US,2020-05-23,1630476
US,2020-05-24,1651289
US,2020-05-25,1670280
US,2020-05-26,1689163
US,2020-05-27,1707445
US,2020-05-28,1730260
US,2020-05-29,1754764
US,2020-05-30,1779214
US,2020-05-31,1799124
US,2020-06-01,1816479
US,2020-06-02,1837374
US,2020-06-03,1857332
US,2020-06-04,1878683
US,2020-06-05,1903907
US,2020-06-06,1926639
US,2020-06-07,1944370
US,2020-06-08,1961785
US,2020-06-09,1979912
US,2020-06-10,2000706
US,2020-06-11,2023656
US,2020-06-12,2048986
US,2020-06-13,2074542
US,2020-06-14,2094366
US,2020-06-15,2114026
US,2020-06-16,2137731
US,2020-06-17,2163290
US,2020-06-18,2191099
US,2020-06-19,2222579
US,2020-06-20,2255328
US,2020-06-21,2281767
US,2020-06-22,2312303
US,2020-06-23,2347491
US,2020-06-24,2382426
US,2020-06-25,2422299
US,2020-06-26,2467554
US,2020-06-27,2510259
US,2020-06-28,2549864
US,2020-06-29,2590668
US,2020-06-30,2636414
US,2020-07-01,2687588
US,2020-07-02,2742049
US,2020-07-03,2795361
US,2020-07-04,2841241
US,2020-07-05,2891124
US,2020-07-06,2936077
US,2020-07-07,2996098
US,2020-07-08,3054699
US,2020-07-09,3117946
US,2020-07-10,3185737
US,2020-07-11,3245925
US,2020-07-12,3304942
US,2020-07-13,3364157
US,2020-07-14,3431574
US,2020-07-15,3498902
US,2020-07-16,3576157
US,2020-07-17,3647715
US,2020-07-18,3711413
US,2020-07-19,3773260
US,2020-07-20,3834677
US,2020-07-21,3899211
US,2020-07-22,3970121
US,2020-07-23,4038816
US,2020-07-24,4112531
US,2020-07-25,4178970
US,2020-07-26,4233923
US,2020-07-27,4290337
US,2020-07-28,4356206
US,2020-07-29,4426982
US,2020-07-30,4495015
US,2020-07-31,4562038